mr;benjamin;+7 199 726-14-27;wollongong
miss;sarah;+7 435 969-48-31;maitland
mr;tristan;+7 398 208-57-28;selkirk
ms;vanda;+7 336 295-45-77;sabará
mr;bradley;+7 157 293-89-39;lincoln
mrs;nella;+7 664 652-60-51;vehmaa
mr;metin;+7 853 393-16-27;woerden
mr;tristan;+7 819 923-17-59;hegra
mr;toivo;+7 612 479-48-38;sodankylä
mrs;emma;+7 182 822-36-73;anna
mr;ryan;+7 690 293-96-85;toulouse
mr;joel;+7 829 907-68-84;bangor
miss;apolline;+7 934 275-41-27;montreuil
mademoiselle;seline;+7 665 806-60-54;feldbrunnen-st. niklaus
ms;edel;+7 582 432-78-22;borgen
mr;aquilino;+7 548 962-79-54;santa rita
ms;becky;+7 437 146-83-38;allen
ms;carla;+7 131 559-59-63;vitoria
mr;randy;+7 465 832-60-21;the colony
miss;paula;+7 431 474-61-54;orihuela
